"","Subject","hhm_2_aics","hhm_3_aics","hhm_4_aics","hhm_5_aics","performance_class","performance_trials"
"1","CTEEG030",5658.38751348109,1799.08212312399,-608.471584546542,-2495.96697212589,"control","1"
"2","CTEEG031",8542.54514147025,5100.56309249241,1491.55931250869,-381.129473425283,"control","1"
"3","CTEEG032",4135.4468139938,474.486272250684,-2315.25805486416,-4444.39715927752,"control","1"
"4","CTEEG033",2955.34703540322,-355.788874604098,-3166.00363097707,-5219.50040520527,"control","1"
"5","CTEEG034",7942.21007544063,4468.51088404336,1570.77793112917,36.3961118665729,"control","1"
"6","CTEEG035",5783.59585081811,1692.69383669413,-646.974052717273,-2805.771814798,"control","1"
"7","CTEEG036",9750.41576049696,5270.2073971072,2853.00532251514,1142.01563457399,"control","1"
"8","CTEEG037",5394.31345671383,1319.18215655625,-1203.13478329128,-3064.48581447008,"control","1"
"9","CTEEG038",6813.76970763125,2884.9256702485,43.0714164744679,-2600.22955396695,"control","1"
"10","CTEEG041",9872.31766843329,6222.5637838764,3484.82018357296,1636.43824310008,"control","1"
"11","CTEEG042",6792.28111339399,2326.41157200878,-416.86368072766,-2183.55553904564,"control","1"
"12","CTEEG043",4019.73880230274,323.474324851749,-2417.07361843744,-4336.68377474205,"control","1"
"13","CTEEG046",7428.10675606309,3897.27773594392,716.15852682963,-1533.67070052102,"control","1"
"14","CTEEG047",4327.62399826461,141.187868836974,-2399.59946045527,-5048.41092284686,"control","1"
"15","CTEEG048",-597.574735355837,-4355.55258759142,-7114.43743430908,-9447.56379032186,"control","1"
"16","CTEEG051",6985.39676768115,2652.87708417225,15.3191904773765,-1625.20697398866,"control","1"
"17","CTEEG052",6287.58445195562,2908.05805037258,60.5743603706512,-2041.8555882511,"control","1"
"18","CTEEG053",3715.42510551013,615.30838343224,-1887.09255270075,-4091.84819711554,"control","1"
"19","CTEEG054",-1175.26049345811,-4627.1271491518,-7451.76978457426,-9199.95031024575,"control","1"
"20","CTEEG055",4199.35417088048,-323.925528473404,-3354.4762004559,-5334.59472030656,"control","1"
"21","CTEEG056",-1067.05386600142,-5300.97411184377,-7214.84085704684,-9510.30936262718,"control","1"
"22","CTEEG059",7273.68321083914,3588.00845490408,816.629358831387,-820.644289683132,"control","1"
"23","CTEEG061",4360.0741891195,558.995201869474,-2623.01056148859,-4538.46513303797,"control","1"
"24","CTEEG062",-3410.03545142736,-7418.38833681112,-10528.9085166586,-13274.0464870725,"control","1"
"25","CTEEG065",1603.75994907377,-1942.19347925589,-5089.36482321959,-6998.89266937496,"control","1"
"26","CTEEG030",-16227.7229195517,-20087.0280573267,-22494.5809850908,-24382.0772023559,"control","1"
"27","CTEEG031",-13184.2412039174,-16626.222929731,-20235.2268894943,-22107.9151344932,"control","1"
"28","CTEEG032",-17679.3870444147,-21340.3474724305,-24130.0916487319,-26259.2306653464,"control","1"
"29","CTEEG033",-18813.3666697146,-22124.5000076642,-24934.7168889171,-26988.2135911533,"control","1"
"30","CTEEG034",-13717.4924062792,-17191.1915026992,-20088.9242869624,-21623.3059707042,"control","1"
"31","CTEEG035",-15850.9501437958,-19941.8519640091,-22281.5196598175,-24440.3175155273,"control","1"
"32","CTEEG036",-11984.7560678491,-16464.964330811,-18882.1663320973,-20593.1558010643,"control","1"
"33","CTEEG037",-16433.0986566691,-20508.2298474114,-23030.5466782575,-24891.8972986616,"control","1"
"34","CTEEG038",-14883.6674064185,-18812.511446647,-21654.3655737743,-24297.6665967812,"control","1"
"35","CTEEG041",-11850.2759354751,-15500.0293167284,-18237.7731273044,-20086.1542857863,"control","1"
"36","CTEEG042",-14892.5777991367,-19358.4471962282,-22101.7223101414,-23868.4138986886,"control","1"
"37","CTEEG043",-18088.5869272582,-21784.8514079391,-24525.3989933133,-26445.0093873693,"control","1"
"38","CTEEG046",-14374.1489359507,-17904.9778438302,-21086.0970358154,-23335.9262319979,"control","1"
"39","CTEEG047",-17340.4639273564,-21526.8999788299,-24067.6866539932,-26716.4985822595,"control","1"
"40","CTEEG048",-22324.3606944648,-26082.3386050613,-28841.2232384256,-31174.3495996137,"control","1"
"41","CTEEG051",-14808.4733204196,-19140.9930539364,-21778.5508714257,-23419.0762023771,"control","1"
"42","CTEEG052",-15367.9252318685,-18747.4515218,-21594.9349510363,-23697.3650271528,"control","1"
"43","CTEEG053",-17852.0365399475,-20952.1535332996,-23454.5543398744,-25654.0715118392,"control","1"
"44","CTEEG054",-22847.5409474402,-26299.4076393853,-29124.050199818,-30872.2301494907,"control","1"
"45","CTEEG055",-17447.7700550698,-21971.0497143445,-25001.6003677108,-26981.7188557659,"control","1"
"46","CTEEG056",-22714.1774463726,-26948.0982334865,-28861.9649491622,-31157.4334037953,"control","1"
"47","CTEEG059",-14465.681294303,-18151.3559556121,-20922.7350683833,-22560.0086702407,"control","1"
"48","CTEEG061",-17488.3016201993,-21289.3794758342,-24471.3862855691,-26386.840783763,"control","1"
"49","CTEEG062",-25145.206909216,-29153.5595668876,-32264.0797893214,-35009.2180170709,"control","1"
"50","CTEEG065",-19976.2804021628,-23522.2327506222,-26669.4050008344,-28578.9323544903,"control","1"
"51","CTEEG030",-9025.70217323611,-12885.0073532222,-15292.560645359,-17180.0565072369,"control","1"
"52","CTEEG031",-6034.64891956947,-9476.63083275054,-13085.6346582121,-14958.3231117778,"control","1"
"53","CTEEG032",-10500.8211351775,-14161.7816140681,-16951.5258308251,-19080.6648631427,"control","1"
"54","CTEEG033",-11649.977389839,-14961.1115707022,-17771.3277549318,-19824.8244832216,"control","1"
"55","CTEEG034",-6589.97526070196,-10063.6744188407,-12961.4072383404,-14495.7889565995,"control","1"
"56","CTEEG035",-8731.71122128715,-12822.6130979008,-15162.2808335816,-17321.0786773416,"control","1"
"57","CTEEG036",-4832.40439344923,-9312.61270039706,-11729.814728198,-13440.804215239,"control","1"
"58","CTEEG037",-9250.39361217133,-13325.5248029137,-15847.8417327356,-17709.1924271135,"control","1"
"59","CTEEG038",-7743.73302456734,-11672.5770238126,-14514.4312434888,-17157.7321739469,"control","1"
"60","CTEEG041",-4702.06336703422,-8351.81709741923,-11089.5606195398,-12937.9421029521,"control","1"
"61","CTEEG042",-7756.78248678594,-12222.651949188,-14965.9270911016,-16732.618715254,"control","1"
"62","CTEEG043",-10813.4422138514,-14509.7066327496,-17250.2543751087,-19169.8646121798,"control","1"
"63","CTEEG046",-7199.72207629104,-10730.5510605596,-13911.6701761557,-16161.4994603555,"control","1"
"64","CTEEG047",-10210.1874258904,-14396.6235034932,-16937.4104286169,-19586.2220417362,"control","1"
"65","CTEEG048",-15174.7685109994,-18932.7464520371,-21691.6311151889,-24024.7575094758,"control","1"
"66","CTEEG051",-7636.80597666054,-11969.3256412683,-14606.8834067121,-16247.4090630853,"control","1"
"67","CTEEG052",-8241.78784018075,-11621.314168575,-14468.7976356713,-16571.2275790485,"control","1"
"68","CTEEG053",-10754.8729741473,-13854.9898338738,-16357.3906635906,-18556.9083115692,"control","1"
"69","CTEEG054",-15715.8848314186,-19167.751401389,-21992.3941108665,-23740.5741284053,"control","1"
"70","CTEEG055",-10324.3920332435,-14847.6716611862,-17878.2223145525,-19858.3408026077,"control","1"
"71","CTEEG056",-15590.7996786634,-19824.7202776302,-21738.5870096777,-24034.055350637,"control","1"
"72","CTEEG059",-7311.94996142167,-10997.6246481694,-13769.0037523902,-15406.2772726762,"control","1"
"73","CTEEG061",-10298.6981273031,-14099.7764009716,-17281.7827537063,-19197.2372519002,"control","1"
"74","CTEEG062",-17992.8553500288,-22001.208049251,-25111.7282959573,-27856.8665065467,"control","1"
"75","CTEEG065",-12874.9775085727,-16420.9301805381,-19568.1022249334,-21477.6296642706,"control","1"
"76","CTEEG030",1247.86104817688,293.157226464873,-39.9561584779118,-478.13227831091,"control","12"
"77","CTEEG031",1349.66212689642,737.844152501117,86.2379151050808,-277.686905589038,"control","12"
"78","CTEEG032",1008.76574594094,141.341706245569,-371.753334235669,-791.035112619483,"control","12"
"79","CTEEG033",821.047955372016,270.314911516834,-280.698737139589,-829.644400349103,"control","12"
"80","CTEEG034",1643.75246090368,723.579164258466,477.797304105085,-96.9214351679,"control","12"
"81","CTEEG035",1118.78111464712,363.839480524802,-304.085939340931,-609.369876112076,"control","12"
"82","CTEEG036",1262.21976628329,682.814053056089,-46.2887205123542,-459.742545057251,"control","12"
"83","CTEEG037",726.078454981182,158.026052121415,-465.118401336255,-788.368029180972,"control","12"
"84","CTEEG038",399.8313221953,-185.68511842364,-718.904174120379,-985.967417316331,"control","12"
"85","CTEEG041",1243.86235291455,571.219290574364,-112.459957128639,-536.720159765045,"control","12"
"86","CTEEG042",609.684309976426,-124.178768401767,-581.066708761443,-998.778624188652,"control","12"
"87","CTEEG043",484.780683683614,-171.872871394316,-595.77072314036,-798.409020970474,"control","12"
"88","CTEEG046",1304.19437122265,633.373016081507,7.68382876059738,-456.968390735656,"control","12"
"89","CTEEG047",124.485171992495,-650.659552168588,-1068.12408352054,-1589.11610055672,"control","12"
"90","CTEEG048",-695.559770232545,-1514.22469454471,-1763.30706405087,-2244.69536000279,"control","12"
"91","CTEEG051",1164.21009714244,296.182099329678,-251.992746998279,-571.394360233055,"control","12"
"92","CTEEG052",2268.93621307566,1196.26833510851,804.809666514551,572.351818049201,"control","12"
"93","CTEEG053",609.10182259139,-233.398016929488,-863.935348510225,-1200.0312795087,"control","12"
"94","CTEEG054",968.9156527701,-47.6014934103651,-510.793131854453,-726.586984385107,"control","12"
"95","CTEEG055",431.079225209122,-323.451596305993,-716.133259993727,-1323.80480288712,"control","12"
"96","CTEEG056",-488.18662677551,-1308.11972279204,-1740.24839986078,-1989.91728531803,"control","12"
"97","CTEEG059",685.593001189599,-194.936370873546,-551.70041177609,-917.348463348086,"control","12"
"98","CTEEG061",806.08731213005,162.839228474929,-398.357831194701,-769.721325622576,"control","12"
"99","CTEEG062",-970.412386934548,-1825.71875418849,-1732.51053021886,-2541.29930596807,"control","12"
"100","CTEEG065",-182.76489136352,-836.754237012932,-1252.49066703345,-1468.27521883582,"control","12"
"101","CTEEG030",-2739.43609407634,-3694.13990011265,-4027.25328111043,-4465.42936840587,"control","12"
"102","CTEEG031",-2775.99548866927,-3387.81343327375,-4039.41966240954,-4403.3445092193,"control","12"
"103","CTEEG032",-3418.76925325782,-4286.19329059318,-4799.28831753221,-5218.56998676706,"control","12"
"104","CTEEG033",-3879.0152302514,-4429.74815905302,-4980.76185851891,-5529.70751252329,"control","12"
"105","CTEEG034",-2385.47208931,-3305.64539106404,-3551.42723350698,-4126.1459176877,"control","12"
"106","CTEEG035",-2935.59971972487,-3690.54152788295,-4358.46693665444,-4663.75083629608,"control","12"
"107","CTEEG036",-2616.0660949808,-3195.47179954071,-3924.57457303559,-4338.02840342635,"control","12"
"108","CTEEG037",-2992.88323487472,-3560.93563480786,-4184.08008477151,-4507.32971297161,"control","12"
"109","CTEEG038",-3449.10534829994,-4034.62175138539,-4567.84081746452,-4834.90405588451,"control","12"
"110","CTEEG041",-2756.0130149669,-3428.65607220072,-4112.33530957681,-4536.59549706563,"control","12"
"111","CTEEG042",-3390.19105664886,-4124.05411968598,-4580.94203611043,-4998.6539463893,"control","12"
"112","CTEEG043",-3494.13097596778,-4150.78449448465,-4574.68233534224,-4777.3205877866,"control","12"
"113","CTEEG046",-2691.48825624752,-3362.30961125716,-3987.9987931234,-4452.65100104119,"control","12"
"114","CTEEG047",-4093.41273277725,-4868.55747221237,-5286.02198551151,-5807.0140009436,"control","12"
"115","CTEEG048",-4552.88191815737,-5371.54684895421,-5620.62917981958,-6102.01736505313,"control","12"
"116","CTEEG051",-3204.62652088058,-4072.654474996,-4620.82934579755,-4940.23094490424,"control","12"
"117","CTEEG052",-1529.68756917906,-2602.35543800586,-2993.81410629602,-3226.27191097723,"control","12"
"118","CTEEG053",-3290.14772282023,-4132.6475904227,-4763.18490614748,-5099.28084336931,"control","12"
"119","CTEEG054",-2821.32264445692,-3837.83977856011,-4301.03140575995,-4516.82519885287,"control","12"
"120","CTEEG055",-3422.05019180667,-4176.58095613321,-4569.26259282428,-5176.93421639598,"control","12"
"121","CTEEG056",-4303.58136163192,-5123.51446094502,-5555.64310757651,-5805.31194975683,"control","12"
"122","CTEEG059",-3234.62027667152,-4115.14964020793,-4471.91365814732,-4837.56168054478,"control","12"
"123","CTEEG061",-3051.2348487647,-3694.48288768326,-4255.67995181054,-4627.04347862457,"control","12"
"124","CTEEG062",-5142.19015619211,-5997.49652602575,-5904.28823191573,-6713.0770544364,"control","12"
"125","CTEEG065",-3014.5030641052,-4689.883632879,-5105.62005879993,-5321.40442659107,"control","12"
"126","CTEEG030",-1427.34380174019,-2382.04761638665,-2715.16098427652,-3153.33709524728,"control","12"
"127","CTEEG031",-1418.37317522597,-2030.19113534868,-2681.79734896625,-3045.72219577601,"control","12"
"128","CTEEG032",-1961.80872175771,-2829.23275909306,-3342.32779857639,-3761.60949202153,"control","12"
"129","CTEEG033",-2332.37437246745,-2883.10734728342,-3434.12101659998,-3983.06667660737,"control","12"
"130","CTEEG034",-1059.58283563014,-1979.75612572083,-2225.53797576102,-2800.25667144603,"control","12"
"131","CTEEG035",-1601.43240515413,-2356.37407148085,-3024.29948025234,-3329.58340332767,"control","12"
"132","CTEEG036",-1339.84593947201,-1919.2516370051,-2648.35442180657,-3061.80824089074,"control","12"
"133","CTEEG037",-1769.09157631355,-2337.14397624669,-2960.28843327853,-3283.53806269984,"control","12"
"134","CTEEG038",-2182.54307423645,-2768.05949019089,-3301.27853723998,-3568.34177565998,"control","12"
"135","CTEEG041",-1439.78162902119,-2112.42468294777,-2796.10393237867,-3220.36412798339,"control","12"
"136","CTEEG042",-2073.95966739592,-2807.82274314516,-3264.71064685748,-3682.42258214312,"control","12"
"137","CTEEG043",-2184.79807407989,-2841.45161308256,-3265.34945729365,-3467.98771523239,"control","12"
"138","CTEEG046",-1376.63656670687,-2047.45791947722,-2673.14710134346,-3137.79932358006,"control","12"
"139","CTEEG047",-2705.4370878302,-3480.58182122585,-3898.04632766197,-4419.03834309405,"control","12"
"140","CTEEG048",-3283.56024298681,-4102.22517378365,-4351.30753310945,-4832.69573478389,"control","12"
"141","CTEEG051",-1766.98175734083,-2635.00972885749,-3183.18457891959,-3502.58619853757,"control","12"
"142","CTEEG052",-279.68165863066,-1352.34953452858,-1743.80819574762,-1976.26602027057,"control","12"
"143","CTEEG053",-2007.02908943178,-2849.52894052203,-3480.06626947475,-3816.16219346863,"control","12"
"144","CTEEG054",-1574.07612885454,-2590.59326295774,-3053.78489015758,-3269.57871173184,"control","12"
"145","CTEEG055",-2154.10821410913,-2908.63899924245,-3301.32064274022,-3908.99223869844,"control","12"
"146","CTEEG056",-3048.05666119148,-3867.98976050458,-4300.11843258375,-4549.78728474289,"control","12"
"147","CTEEG059",-1944.60314462792,-2825.13250294221,-3181.89654089481,-3547.54457202996,"control","12"
"148","CTEEG061",-1781.91317359414,-2425.16123237289,-2986.35829635741,-3357.72180345401,"control","12"
"149","CTEEG062",-3769.39117054569,-4624.69754037933,-4531.48924626931,-5340.27809215891,"control","12"
"150","CTEEG065",-2767.95231758688,-3421.94165518146,-3837.67808110239,-4053.46253032959,"control","12"
"151","CTEEG002",2343.09790942308,1620.23325901824,278.3174212269,-507.103211958616,"experiment","1"
"152","CTEEG003",7301.35706350142,4345.52740235947,2537.06159202315,837.136045092422,"experiment","1"
"153","CTEEG004",15891.8837763584,10881.301446491,6354.26128782286,3397.10860117751,"experiment","1"
"154","CTEEG005",1775.69924561836,-290.206410515968,-1901.92721955747,-3023.49079487033,"experiment","1"
"155","CTEEG006",311.734305393065,-810.540879442943,-1613.17383554871,-2149.06797786272,"experiment","1"
"156","CTEEG008",1158.68752429791,-43.3952332050754,-770.336323522414,-1709.87458466862,"experiment","1"
"157","CTEEG009",540.623889762738,19.1098416949556,-277.460443185634,-418.015849011839,"experiment","1"
"158","CTEEG011",-3856.73637427901,-8156.13702676482,-10385.6703345418,-12758.7828054596,"experiment","1"
"159","CTEEG012",7440.31405374679,289.40815571695,-3638.76852452132,-6618.91183916599,"experiment","1"
"160","CTEEG013",942.346895419212,-2005.16148701044,-4079.69116989908,-5686.31776711032,"experiment","1"
"161","CTEEG015",8174.10721537383,1754.52552976078,-2933.66989911196,-5495.06532028776,"experiment","1"
"162","CTEEG017",4214.18460640247,-1972.96788265068,-5274.96550551367,-8429.53117142794,"experiment","1"
"163","CTEEG018",1636.33517889007,-351.289532864696,-1383.59209770737,-1989.40411069698,"experiment","1"
"164","CTEEG019",1440.66654718791,-592.822835327735,-1971.89462356882,-3004.59527220715,"experiment","1"
"165","CTEEG021",-88.8059063821296,-5023.5057683004,-9629.33546741817,-12718.391572593,"experiment","1"
"166","CTEEG022",3097.6218693917,1609.39573491926,558.285623581426,53.5315131520218,"experiment","1"
"167","CTEEG023",6154.32473505268,3444.81950178288,1186.97836807966,-48.0957964992159,"experiment","1"
"168","CTEEG024",-4987.99818317822,-10968.5342526824,-14944.958090781,-18609.2894611073,"experiment","1"
"169","CTEEG049",5004.2469493279,1333.83526919934,-1322.32597941383,-3501.65573251511,"experiment","1"
"170","CTEEG057",474.884877545955,-1507.48896861977,-3334.30452266219,-4414.42788683975,"experiment","1"
"171","CTEEG058",11083.5485856123,5496.42527021041,1673.40861394229,-1654.87100173762,"experiment","1"
"172","CTEEG060",1001.64576230515,117.104930314595,-643.930257304705,-1000.68671094802,"experiment","1"
"173","CTEEG002",-5717.22482824511,-6440.08948670341,-7782.00528919641,-8567.42583939924,"experiment","1"
"174","CTEEG003",-9673.77069197401,-12629.6003400088,-14438.0652784963,-16137.9916231397,"experiment","1"
"175","CTEEG004",-17939.4489640564,-22950.0312826646,-27477.0713632427,-30434.2173810276,"experiment","1"
"176","CTEEG005",-11702.2174600103,-13768.123065929,-15379.8437743455,-16501.4064231172,"experiment","1"
"177","CTEEG006",-6854.46520830296,-7976.74034308348,-8779.37327444237,-9315.2673971238,"experiment","1"
"178","CTEEG008",-7412.56276230737,-8614.64549610345,-9341.58653094939,-10281.1247133091,"experiment","1"
"179","CTEEG009",-2375.1868543206,-2896.70087723993,-3193.27116241202,-3333.82652901642,"experiment","1"
"180","CTEEG011",-26328.739935237,-30628.1405109318,-32857.6738292928,-35230.7860185942,"experiment","1"
"181","CTEEG012",-26800.6414506278,-33951.5474892796,-37879.7234631845,-40859.8662023845,"experiment","1"
"182","CTEEG013",-13165.4201779439,-16112.9285251617,-18187.4581543601,-19794.0847580162,"experiment","1"
"183","CTEEG015",-26480.8760128665,-32900.4570303934,-37588.6527317752,-40150.0483204396,"experiment","1"
"184","CTEEG017",-29639.1709361191,-35826.3233201933,-39128.3202957469,-42282.8859490016,"experiment","1"
"185","CTEEG018",-8106.52488301128,-10094.1495579689,-11126.4520995966,-11732.264108745,"experiment","1"
"186","CTEEG019",-10024.3717696162,-12057.8610953352,-13436.9328653522,-14469.6335371002,"experiment","1"
"187","CTEEG021",-33197.7927454743,-38132.4909357232,-42738.3220270455,-45827.378219466,"experiment","1"
"188","CTEEG022",-5209.35556002033,-6697.58166785878,-7748.691745005,-8253.44585767707,"experiment","1"
"189","CTEEG023",-11340.539715382,-14050.0449134797,-16307.8859847168,-17542.960025576,"experiment","1"
"190","CTEEG024",-39576.9114159465,-45557.4489299219,-49533.8724794463,-53198.2038469108,"experiment","1"
"191","CTEEG049",-18013.9205397504,-21684.3321697034,-24340.4932953197,-26519.8230943766,"experiment","1"
"192","CTEEG057",-11915.1084796714,-13897.4819722022,-15724.2978836524,-16804.4212089587,"experiment","1"
"193","CTEEG058",-23271.9252710589,-28859.0483025226,-32682.0651391043,-36010.3447139876,"experiment","1"
"194","CTEEG060",-5208.76684790266,-6093.30765962595,-6854.34279070917,-7211.09915814645,"experiment","1"
"195","CTEEG002",-2849.58646746034,-3572.45110826754,-4914.36693687922,-5699.78751275585,"experiment","1"
"196","CTEEG003",-3634.49304895017,-6590.322624167,-8398.7880162187,-10098.7139195623,"experiment","1"
"197","CTEEG004",-5903.20299747704,-10913.7852741874,-15440.8253733204,-18397.9740269589,"experiment","1"
"198","CTEEG005",-6907.15000754375,-8973.05561346243,-10584.7763926981,-11706.3393577511,"experiment","1"
"199","CTEEG006",-4304.93097785752,-5427.20614083904,-6229.83908503923,-6765.73321964548,"experiment","1"
"200","CTEEG008",-4363.15060621906,-5565.2333188159,-6292.17440051319,-7231.71260329684,"experiment","1"
"201","CTEEG009",-1337.82258846019,-1859.33662479111,-2155.90689655161,-2296.46228513672,"experiment","1"
"202","CTEEG011",-18333.826816778,-22633.2273924728,-24862.7607108338,-27235.8731141382,"experiment","1"
"203","CTEEG012",-14618.6630324804,-21769.5689352028,-25697.7451586,-28677.8879352213,"experiment","1"
"204","CTEEG013",-8146.26950792746,-11093.7778551452,-13168.3075612471,-14774.9341631307,"experiment","1"
"205","CTEEG015",-14151.5980727785,-20571.1792201521,-25259.3749196727,-27820.7703086727,"experiment","1"
"206","CTEEG017",-17595.0897466884,-23782.2421307627,-27084.2393545586,-30238.8050388959,"experiment","1"
"207","CTEEG018",-4640.28658077076,-6627.91128495905,-7660.21383990642,-8266.02580650446,"experiment","1"
"208","CTEEG019",-5945.43040400492,-7978.91977129581,-9357.99149974091,-10390.6921714889,"experiment","1"
"209","CTEEG021",-21418.5372625894,-26353.2359326791,-30959.0664583556,-34048.1226507761,"experiment","1"
"210","CTEEG022",-2253.96432448924,-3742.19044608887,-4793.30053406621,-5298.05464598054,"experiment","1"
"211","CTEEG023",-5116.35414198607,-7825.85935848938,-10083.7004579062,-11318.7745294,"experiment","1"
"212","CTEEG024",-27271.1392148727,-33251.6763571252,-37228.1000256563,-40892.4313753451,"experiment","1"
"213","CTEEG049",-9824.69757798319,-13495.1092196226,-16151.2703713998,-18330.6000530073,"experiment","1"
"214","CTEEG057",-7507.09388454191,-9489.46744271043,-11316.2832614993,-12396.4065868056,"experiment","1"
"215","CTEEG058",-11049.2044961859,-16636.3276358523,-20459.344312679,-23787.6239018086,"experiment","1"
"216","CTEEG060",-2999.27498255043,-3883.8158112349,-4644.85092535694,-5001.60733922854,"experiment","1"
"217","CTEEG002",957.385998570049,309.204595658725,63.8905945594525,-153.057381366825,"experiment","12"
"218","CTEEG003",1239.40483619296,562.265195397496,191.532303025237,-15.6384775873379,"experiment","12"
"219","CTEEG004",1603.46009518836,913.828942641835,423.320844194625,167.755988281425,"experiment","12"
"220","CTEEG005",-106.656375161371,-679.244891451302,-1202.10913554851,-1599.64417322265,"experiment","12"
"221","CTEEG006",767.175677412924,141.976134006556,-147.802693577759,-388.194864233212,"experiment","12"
"222","CTEEG008",784.673197319072,110.266335286508,-386.546273614083,-573.528575491921,"experiment","12"
"223","CTEEG009",8143.78540730669,4314.70695611741,389.618007819211,-1727.85554371407,"experiment","12"
"224","CTEEG011",832.743403895516,-67.6075093074114,-487.212739016774,-819.051161337776,"experiment","12"
"225","CTEEG012",1263.06675839848,275.831877580336,-273.913311544371,-590.853325362447,"experiment","12"
"226","CTEEG013",141.89122866714,-172.074199930987,-660.617081765028,-451.625086457177,"experiment","12"
"227","CTEEG015",1321.45201002599,716.945843508634,400.05486070643,-55.0527305753485,"experiment","12"
"228","CTEEG017",-152.352307671782,-520.768021946359,-1024.088722798,-1337.92846578708,"experiment","12"
"229","CTEEG018",484.110574076811,165.624162220978,-227.072434159284,-455.463652311885,"experiment","12"
"230","CTEEG019",437.126343838569,-302.656731606319,-631.617113124775,-946.022923893791,"experiment","12"
"231","CTEEG021",-439.351993545956,-892.71215193906,-1290.22345920361,-1218.5552353784,"experiment","12"
"232","CTEEG022",5299.99138416499,3121.62172459872,1768.78600309479,799.603478748113,"experiment","12"
"233","CTEEG023",824.636567155075,346.625477875268,6.9827137955447,-513.016795956028,"experiment","12"
"234","CTEEG024",-1124.32389171874,-2522.3077391958,-3944.38339665144,-4628.80358525409,"experiment","12"
"235","CTEEG049",1571.19056363937,391.617521079906,-352.171648777004,-761.595588041136,"experiment","12"
"236","CTEEG057",657.810847456158,-1301.73501622213,-3148.12125092684,-4499.62915198155,"experiment","12"
"237","CTEEG058",758.338714772103,32.5085333097561,-455.358026553648,-705.179652162822,"experiment","12"
"238","CTEEG060",110.606394891017,-368.425925478652,-718.410231873903,-956.44462249264,"experiment","12"
"239","CTEEG002",-2513.39778896634,-3161.57919009514,-3406.89309117237,-3623.84115101187,"experiment","12"
"240","CTEEG003",-1720.45138871118,-2397.59101781407,-2768.32391799039,-2975.49468482037,"experiment","12"
"241","CTEEG004",-1774.82818531978,-2464.45933094741,-2954.96742137542,-3210.53222992491,"experiment","12"
"242","CTEEG005",-3854.92668069002,-4427.51494347458,-4950.3794117192,-5347.914473236,"experiment","12"
"243","CTEEG006",-2188.27598627862,-2813.47553948871,-3103.25434097363,-3343.64650273283,"experiment","12"
"244","CTEEG008",-3144.18357405982,-3818.59040831637,-4315.40303817353,-4502.38530163511,"experiment","12"
"245","CTEEG009",-17658.0565056225,-21487.1344577537,-25412.2237643245,-27529.6970853188,"experiment","12"
"246","CTEEG011",-3532.16361795409,-4432.51452045344,-4852.11973472992,-5183.95814891714,"experiment","12"
"247","CTEEG012",-3361.70857013822,-4348.94344423325,-4898.68861477313,-5215.62861719742,"experiment","12"
"248","CTEEG013",-2465.6011591638,-2779.5665817685,-3268.10944968699,-3059.11744185303,"experiment","12"
"249","CTEEG015",-2329.91824361318,-2934.42440360908,-3251.31535773252,-3706.4229323048,"experiment","12"
"250","CTEEG017",-3530.64058555659,-3899.05628223821,-4402.37695743934,-4716.21673401929,"experiment","12"
"251","CTEEG018",-1779.82707413855,-2098.3134840119,-2491.01007340426,-2719.40128944402,"experiment","12"
"252","CTEEG019",-3209.83935804732,-3949.6224361011,-4278.58280325725,-4592.98856336039,"experiment","12"
"253","CTEEG021",-3482.89460759152,-3936.2547688272,-4333.76604334021,-4262.09777060419,"experiment","12"
"254","CTEEG022",-6728.82907746177,-8907.19871631267,-10260.0343037908,-11229.2168765036,"experiment","12"
"255","CTEEG023",-3126.24294322857,-3604.25401725401,-3943.89677458359,-4463.89623743595,"experiment","12"
"256","CTEEG024",-10171.2653855171,-11569.2492230105,-12991.3248693351,-13675.7450530614,"experiment","12"
"257","CTEEG049",-4344.1173306966,-5523.69034776145,-6267.47950583172,-6676.90331550101,"experiment","12"
"258","CTEEG057",-11608.8551922765,-13568.400935591,-15414.7872195715,-16766.2951606288,"experiment","12"
"259","CTEEG058",-3470.02731893366,-4195.85749705068,-4683.72402059092,-4933.54564461077,"experiment","12"
"260","CTEEG060",-2466.05415684826,-2945.08645997338,-3295.0707054325,-3533.10515446081,"experiment","12"
"261","CTEEG002",-1278.58956918084,-1926.77097030964,-2172.08491148841,-2389.03293122636,"experiment","12"
"262","CTEEG003",-667.416970658844,-1344.55660544009,-1715.28949705656,-1922.46027382428,"experiment","12"
"263","CTEEG004",-572.927302220691,-1262.55844373498,-1753.06653652837,-2008.63135613144,"experiment","12"
"264","CTEEG005",-2521.39648394197,-3093.98484700268,-3616.84921497115,-4014.38427648796,"experiment","12"
"265","CTEEG006",-1136.80859011301,-1762.00813406222,-2051.78693554714,-2292.1791141328,"experiment","12"
"266","CTEEG008",-1746.4057448558,-2420.81259181944,-2917.62521393841,-3104.60749346387,"experiment","12"
"267","CTEEG009",-8478.47966361301,-12307.5578781949,-16232.646922315,-18350.1203705715,"experiment","12"
"268","CTEEG011",-1979.25125017816,-2879.60216079029,-3299.20738324029,-3631.04580058037,"experiment","12"
"269","CTEEG012",-1716.34230222935,-2703.57717670238,-3253.32233206402,-3570.26233448831,"experiment","12"
"270","CTEEG013",-1537.92797881733,-1851.89340142204,-2340.43628305796,-2131.4442773589,"experiment","12"
"271","CTEEG015",-1030.86238802666,-1635.36854802256,-1952.25951977355,-2407.36709499997,"experiment","12"
"272","CTEEG017",-2328.73969142527,-2697.15538810689,-3200.47608643562,-3514.31583988797,"experiment","12"
"273","CTEEG018",-974.38110336476,-1292.8675132381,-1685.56410263047,-1913.95531867022,"experiment","12"
"274","CTEEG019",-1912.3505217677,-2652.13359602192,-2981.09397485205,-3295.49975044362,"experiment","12"
"275","CTEEG021",-2400.08690569343,-2853.44705325388,-3250.95835353698,-3179.29008532911,"experiment","12"
"276","CTEEG022",-2449.30973211719,-4627.67936576164,-5980.51500673782,-6949.69757475184,"experiment","12"
"277","CTEEG023",-1720.63003725171,-2198.64111964693,-2538.28387760695,-3058.28335590681,"experiment","12"
"278","CTEEG024",-6952.6155334366,-8350.59937093002,-9772.67501725462,-10457.095200981,"experiment","12"
"279","CTEEG049",-2239.61550433628,-3419.18852140113,-4162.97767947141,-4572.40153483086,"experiment","12"
"280","CTEEG057",-7244.71700432904,-9204.26274764355,-11050.6490889932,-12402.1569726813,"experiment","12"
"281","CTEEG058",-1965.69243188533,-2691.52261000236,-3179.38915317783,-3429.21078226646,"experiment","12"
"282","CTEEG060",-1549.35008505319,-2028.3823996439,-2378.36665745464,-2616.40108266574,"experiment","12"
